,mean_ann,vol_ann,sharpe_like
NOK strength,-0.005642920598226033,0.12288917823650557,-0.045918775592802705
SEK strength,-0.003769095413049774,0.11693061839150953,-0.032233605405472245
