currency,beta_oil,p_value,r2,abs_beta
NOK,0.07809358250692028,1.3103944031492339e-13,0.07261228338484638,0.07809358250692028
SEK,0.04399085510462012,4.5381226463969394e-09,0.025449250492639686,0.04399085510462012
