,oil_ret,nok_strength,sek_strength
oil_ret,1.0,0.26946666470056446,0.15952821221539296
nok_strength,0.26946666470056446,1.0,0.8011552163597114
sek_strength,0.15952821221539296,0.8011552163597114,1.0
