currency,level,VaR,ES
NOK,0.95,0.01236181437011461,0.017941145139248126
NOK,0.99,0.021314127297734287,0.027834329266490418
SEK,0.95,0.011620896037273662,0.016562922163655174
SEK,0.99,0.019605933022283892,0.02465166536739056
