rank_null,trace_stat,crit_90,crit_95,crit_99,reject_95
0,26.172814330105354,27.0669,29.7961,35.4628,False
1,9.243970362709836,13.4294,15.4943,19.9349,False
2,1.1364708263773162,2.7055,3.8415,6.6349,False
