currency,oil_return_scenario,predicted_currency_strength,predicted_usd_fx_change
NOK,-0.1,-0.00784957399419182,0.00784957399419182
SEK,-0.1,-0.004424082216571799,0.004424082216571799
