model,variable,coef,std_err,t_stat,p_value,r2,nobs
Real NOK CPI,const,-6.501039133154118e-05,9.421346833032254e-05,-0.6900328847209802,0.49017350758862277,0.07610751084331313,5925
Real NOK CPI,real_oil_ret_cpi,0.08115584820868328,0.011751063727681687,6.906255475196384,4.9761350437707025e-12,0.07610751084331313,5925
Real SEK CPI,const,-6.551205690964057e-05,9.158523159501604e-05,-0.7153124556078062,0.47441599374076704,0.032885635292641435,5925
Real SEK CPI,real_oil_ret_cpi,0.050838054253530426,0.008606766813761761,5.906753994106484,3.4891417771759937e-09,0.032885635292641435,5925
Real NOK PPI,const,-6.396634840781818e-05,9.42623952953753e-05,-0.6785988007983126,0.4973921028881847,0.07733097440855297,5925
Real NOK PPI,real_oil_ret_ppi,0.08164641298621773,0.011766028033563958,6.939165260639519,3.944235166464139e-12,0.07733097440855297,5925
Real SEK PPI,const,-6.487894853340973e-05,9.161772423416487e-05,-0.7081484404435352,0.4788530807306055,0.03370981518721017,5925
Real SEK PPI,real_oil_ret_ppi,0.051371032430421217,0.008673632860426309,5.922666229602936,3.1676334418548998e-09,0.03370981518721017,5925
