series,adf_stat,adf_p_value,kpss_stat,kpss_p_value,observations
log_brent,-2.483864421825353,0.11944980785979847,4.0201395737128465,0.01,6523
log_usd_nok,-1.3255266803531567,0.6174144322948963,5.929040613297388,0.01,6523
log_usd_sek,-1.5799586762793558,0.4936526155418746,3.9711225903258147,0.01,6523
oil_ret,-13.84962950616597,7.044150288666007e-26,0.052987528482440274,0.1,6522
usd_nok_ret,-58.55550605128442,0.0,0.14274169842983198,0.1,6522
usd_sek_ret,-26.60631545393703,0.0,0.0859121257500004,0.1,6522
nok_strength,-58.55550605128442,0.0,0.14274169842983198,0.1,6522
sek_strength,-26.60631545393703,0.0,0.0859121257500004,0.1,6522
