level,window,observations,exceptions,exception_rate,expected_rate,currency
0.95,252,6270,336,0.053588516746411484,0.050000000000000044,NOK
0.99,252,6270,92,0.01467304625199362,0.010000000000000009,NOK
0.95,252,6270,353,0.05629984051036683,0.050000000000000044,SEK
0.99,252,6270,95,0.015151515151515152,0.010000000000000009,SEK
